Qty,Part Number
1,2648-SC1176-ND
1,36-1043-ND
1,1589-1147-1-ND
1,296-BQ27427YZFRCT-ND
1,1276-1066-1-ND
1,EG5626-ND
1,P15124CT-ND
1,DMG2305UX-7DICT-ND
6,RMCF0805FT10K0CT-ND
3,2223-SLW-864587-2A-RA-N-D-ND
1,587-2165-1-ND
1,1292-1583-1-ND
1,738-CSS0805FT20L0CT-ND
4,296-ESD321DYARCT-ND
1,296-TSD05DYFRCT-ND
1,MCP3204T-CI/SLCT-ND
6,1276-3047-1-ND
30,1N4148WXTPMSCT-ND
1,2223-UJ20-C-H-G-SMT-P16-TRCT-ND
2,36-942-ND
1,RMCF0805FT31K6CT-ND
1,311-1140-1-ND
1,MCP40D19T-104E/LTCT-ND
1,RMCF0805FT15K0CT-ND
4,738-RNCF0805DTE5K10CT-ND
1,738-RMCF0805FT21K5CT-ND
1,738-RNCF0805BTE500KCT-ND
1,738-RNCF0805DTE73K2CT-ND
1,RNCP0805FTD4K02CT-ND
1,738-RMCF0805FT590KCT-ND
1,RNCP0805FTD8K06CT-ND
1,RMCF0805FT7K15CT-ND
1,EG1941-ND
1,296-17571-1-ND
1,445-1420-1-ND
2,0926-1-15-20-75-14-11-0
1,61304021121
